[
	{
		"model": "exam.licensetype",
		"pk": 1,
		"fields": {
			"title": "Code 1",
			"description": "Applicants who applied for a learners licence Code 1 must answer:\r\n1. Section B\r\n2. Section C and\r\n3. Section D"
		}
	},
	{
		"model": "exam.licensetype",
		"pk": 2,
		"fields": {
			"title": "Code 2 & 3",
			"description": "Applicants who applied for a learners licence Code 2 or 3 must answer:\r\n1. Section B\r\n2. Section C and\r\n3. Section E"
		}
	},
	{
		"model": "exam.questionnaire",
		"pk": 1,
		"fields": {
			"title": "Questionnaire 1",
			"license_type": 1,
			"user": null,
			"questions": [
				1, 2, 3, 4, 5, 6, 7, 8, 9, 10, 11, 12, 13, 14, 15, 16, 17, 18, 19, 20,
				21, 22, 23, 24, 25, 26, 27, 28, 29, 30, 31, 32, 33, 34, 35, 36, 37, 38,
				39, 40, 41, 42, 43, 44, 45, 46, 47, 48, 49, 50, 51, 52, 53, 54, 55, 56,
				57, 58, 59, 60, 61, 62, 63, 64, 65, 66, 67, 68, 69, 70, 71, 72, 73, 74,
				75
			]
		}
	},
	{
		"model": "exam.option",
		"pk": 1,
		"fields": {
			"text": "Choose one of four roads ahead",
			"image": ""
		}
	},
	{
		"model": "exam.option",
		"pk": 2,
		"fields": {
			"text": "Stop until your road is clear",
			"image": ""
		}
	},
	{
		"model": "exam.option",
		"pk": 3,
		"fields": {
			"text": "Stop until all other vehicles that stopped before you have cleared the intersaction",
			"image": ""
		}
	},
	{
		"model": "exam.option",
		"pk": 4,
		"fields": {
			"text": "Turn right",
			"image": ""
		}
	},
	{
		"model": "exam.option",
		"pk": 5,
		"fields": {
			"text": "Go straight ahead",
			"image": ""
		}
	},
	{
		"model": "exam.option",
		"pk": 6,
		"fields": {
			"text": "Drive in the direction indicated by the arrow",
			"image": ""
		}
	},
	{
		"model": "exam.option",
		"pk": 7,
		"fields": {
			"text": "A",
			"image": "options/Screenshot_from_2024-12-28_17-19-46.png"
		}
	},
	{
		"model": "exam.option",
		"pk": 8,
		"fields": {
			"text": "B",
			"image": "options/Screenshot_from_2024-12-28_17-20-16.png"
		}
	},
	{
		"model": "exam.option",
		"pk": 9,
		"fields": {
			"text": "C",
			"image": "options/Screenshot_from_2024-12-28_17-20-40.png"
		}
	},
	{
		"model": "exam.option",
		"pk": 10,
		"fields": {
			"text": "On a one-way street",
			"image": ""
		}
	},
	{
		"model": "exam.option",
		"pk": 11,
		"fields": {
			"text": "When parking is not allowed",
			"image": ""
		}
	},
	{
		"model": "exam.option",
		"pk": 12,
		"fields": {
			"text": "When overtaking is not allowed",
			"image": ""
		}
	},
	{
		"model": "exam.option",
		"pk": 13,
		"fields": {
			"text": "A-8",
			"image": "options/Screenshot_from_2024-12-28_17-24-21.png"
		}
	},
	{
		"model": "exam.option",
		"pk": 14,
		"fields": {
			"text": "B-8",
			"image": "options/Screenshot_from_2024-12-28_17-24-52.png"
		}
	},
	{
		"model": "exam.option",
		"pk": 15,
		"fields": {
			"text": "C-8",
			"image": "options/Screenshot_from_2024-12-28_17-25-20.png"
		}
	},
	{
		"model": "exam.option",
		"pk": 16,
		"fields": {
			"text": "A-9",
			"image": "options/Screenshot_from_2024-12-28_17-27-17.png"
		}
	},
	{
		"model": "exam.option",
		"pk": 17,
		"fields": {
			"text": "B-9",
			"image": "options/Screenshot_from_2024-12-28_17-27-55.png"
		}
	},
	{
		"model": "exam.option",
		"pk": 18,
		"fields": {
			"text": "C-9",
			"image": "options/Screenshot_from_2024-12-28_17-28-14.png"
		}
	},
	{
		"model": "exam.option",
		"pk": 19,
		"fields": {
			"text": "This parking area is reserved for tour buses",
			"image": ""
		}
	},
	{
		"model": "exam.option",
		"pk": 20,
		"fields": {
			"text": "This road is reserved for buses",
			"image": ""
		}
	},
	{
		"model": "exam.option",
		"pk": 21,
		"fields": {
			"text": "This parking area is reserved for motor cycles",
			"image": ""
		}
	},
	{
		"model": "exam.option",
		"pk": 22,
		"fields": {
			"text": "At the entrance to a one-way street",
			"image": ""
		}
	},
	{
		"model": "exam.option",
		"pk": 23,
		"fields": {
			"text": "At the entrance to a two lane road",
			"image": ""
		}
	},
	{
		"model": "exam.option",
		"pk": 24,
		"fields": {
			"text": "At the entrance to a two lane freeway",
			"image": ""
		}
	},
	{
		"model": "exam.option",
		"pk": 25,
		"fields": {
			"text": "Not on Saturdays",
			"image": ""
		}
	},
	{
		"model": "exam.option",
		"pk": 26,
		"fields": {
			"text": "Only during two time periods on weekdays",
			"image": ""
		}
	},
	{
		"model": "exam.option",
		"pk": 27,
		"fields": {
			"text": "Not during any of the time periods indicated",
			"image": ""
		}
	},
	{
		"model": "exam.option",
		"pk": 28,
		"fields": {
			"text": "Should continue to comply in the direction of the arrow",
			"image": ""
		}
	},
	{
		"model": "exam.option",
		"pk": 29,
		"fields": {
			"text": "Should not continue to comply sign in the direction of the arrow",
			"image": ""
		}
	},
	{
		"model": "exam.option",
		"pk": 30,
		"fields": {
			"text": "Should only comply sign after dark in the direction of the arrow",
			"image": ""
		}
	},
	{
		"model": "exam.option",
		"pk": 31,
		"fields": {
			"text": "A-14",
			"image": "options/Screenshot_from_2024-12-28_17-43-55.png"
		}
	},
	{
		"model": "exam.option",
		"pk": 32,
		"fields": {
			"text": "B-14",
			"image": "options/Screenshot_from_2024-12-28_17-44-28.png"
		}
	},
	{
		"model": "exam.option",
		"pk": 33,
		"fields": {
			"text": "C-14",
			"image": "options/Screenshot_from_2024-12-28_17-44-50.png"
		}
	},
	{
		"model": "exam.option",
		"pk": 34,
		"fields": {
			"text": "A-15",
			"image": "options/Screenshot_from_2024-12-28_17-46-59.png"
		}
	},
	{
		"model": "exam.option",
		"pk": 35,
		"fields": {
			"text": "B-15",
			"image": "options/Screenshot_from_2024-12-28_17-47-28.png"
		}
	},
	{
		"model": "exam.option",
		"pk": 36,
		"fields": {
			"text": "C-15",
			"image": "options/Screenshot_from_2024-12-28_17-47-53.png"
		}
	},
	{
		"model": "exam.option",
		"pk": 37,
		"fields": {
			"text": "A-16",
			"image": "options/Screenshot_from_2024-12-28_17-51-11.png"
		}
	},
	{
		"model": "exam.option",
		"pk": 38,
		"fields": {
			"text": "B-16",
			"image": "options/Screenshot_from_2024-12-28_17-51-38.png"
		}
	},
	{
		"model": "exam.option",
		"pk": 39,
		"fields": {
			"text": "C-16",
			"image": "options/Screenshot_from_2024-12-28_17-52-06.png"
		}
	},
	{
		"model": "exam.option",
		"pk": 40,
		"fields": {
			"text": "Be aware of slow trucks ahead",
			"image": ""
		}
	},
	{
		"model": "exam.option",
		"pk": 41,
		"fields": {
			"text": "Be aware that heavy vehicles maybe travelling slowly in a low gear",
			"image": ""
		}
	},
	{
		"model": "exam.option",
		"pk": 42,
		"fields": {
			"text": "Be aware of steep descent",
			"image": ""
		}
	},
	{
		"model": "exam.option",
		"pk": 43,
		"fields": {
			"text": "There is a bridge ahead",
			"image": ""
		}
	},
	{
		"model": "exam.option",
		"pk": 44,
		"fields": {
			"text": "There is a jetty or river bank ahead",
			"image": ""
		}
	},
	{
		"model": "exam.option",
		"pk": 45,
		"fields": {
			"text": "There is a river ahead",
			"image": ""
		}
	},
	{
		"model": "exam.option",
		"pk": 46,
		"fields": {
			"text": "A-19",
			"image": "options/Screenshot_from_2024-12-28_17-57-26.png"
		}
	},
	{
		"model": "exam.option",
		"pk": 47,
		"fields": {
			"text": "B-19",
			"image": "options/Screenshot_from_2024-12-28_17-57-46.png"
		}
	},
	{
		"model": "exam.option",
		"pk": 48,
		"fields": {
			"text": "C-19",
			"image": "options/Screenshot_from_2024-12-28_17-58-21.png"
		}
	},
	{
		"model": "exam.option",
		"pk": 49,
		"fields": {
			"text": "At road works",
			"image": ""
		}
	},
	{
		"model": "exam.option",
		"pk": 50,
		"fields": {
			"text": "Where there is a possibility of a gravel road",
			"image": ""
		}
	},
	{
		"model": "exam.option",
		"pk": 52,
		"fields": {
			"text": "Where there is a possibility of falling rocks",
			"image": ""
		}
	},
	{
		"model": "exam.option",
		"pk": 53,
		"fields": {
			"text": "A-21",
			"image": "options/Screenshot_from_2024-12-28_18-01-49.png"
		}
	},
	{
		"model": "exam.option",
		"pk": 54,
		"fields": {
			"text": "B-21",
			"image": "options/Screenshot_from_2024-12-28_18-02-49.png"
		}
	},
	{
		"model": "exam.option",
		"pk": 55,
		"fields": {
			"text": "C-21",
			"image": "options/Screenshot_from_2024-12-28_18-03-17.png"
		}
	},
	{
		"model": "exam.option",
		"pk": 56,
		"fields": {
			"text": "A-22",
			"image": "options/Screenshot_from_2024-12-28_18-04-45.png"
		}
	},
	{
		"model": "exam.option",
		"pk": 57,
		"fields": {
			"text": "B-22",
			"image": "options/Screenshot_from_2024-12-28_18-05-20.png"
		}
	},
	{
		"model": "exam.option",
		"pk": 58,
		"fields": {
			"text": "C-22",
			"image": "options/Screenshot_from_2024-12-28_18-05-41.png"
		}
	},
	{
		"model": "exam.option",
		"pk": 59,
		"fields": {
			"text": "Stop in 150m",
			"image": ""
		}
	},
	{
		"model": "exam.option",
		"pk": 60,
		"fields": {
			"text": "Slow down and stop at 150m",
			"image": ""
		}
	},
	{
		"model": "exam.option",
		"pk": 61,
		"fields": {
			"text": "Do not stop for the next 150m",
			"image": ""
		}
	},
	{
		"model": "exam.option",
		"pk": 62,
		"fields": {
			"text": "A-24",
			"image": "options/Screenshot_from_2024-12-28_18-08-15.png"
		}
	},
	{
		"model": "exam.option",
		"pk": 63,
		"fields": {
			"text": "B-24",
			"image": "options/Screenshot_from_2024-12-28_18-08-43.png"
		}
	},
	{
		"model": "exam.option",
		"pk": 64,
		"fields": {
			"text": "C-24",
			"image": "options/Screenshot_from_2024-12-28_18-09-10.png"
		}
	},
	{
		"model": "exam.option",
		"pk": 65,
		"fields": {
			"text": "A-25",
			"image": "options/Screenshot_from_2024-12-28_18-10-50.png"
		}
	},
	{
		"model": "exam.option",
		"pk": 66,
		"fields": {
			"text": "B-25",
			"image": "options/Screenshot_from_2024-12-28_18-11-17.png"
		}
	},
	{
		"model": "exam.option",
		"pk": 67,
		"fields": {
			"text": "C-25",
			"image": "options/Screenshot_from_2024-12-28_18-11-50.png"
		}
	},
	{
		"model": "exam.option",
		"pk": 68,
		"fields": {
			"text": "A-26",
			"image": "options/Screenshot_from_2024-12-28_18-12-55.png"
		}
	},
	{
		"model": "exam.option",
		"pk": 69,
		"fields": {
			"text": "B-26",
			"image": "options/Screenshot_from_2024-12-28_18-13-33.png"
		}
	},
	{
		"model": "exam.option",
		"pk": 70,
		"fields": {
			"text": "C-26",
			"image": "options/Screenshot_from_2024-12-28_18-14-09.png"
		}
	},
	{
		"model": "exam.option",
		"pk": 71,
		"fields": {
			"text": "Heavy vehicles only ahead",
			"image": ""
		}
	},
	{
		"model": "exam.option",
		"pk": 72,
		"fields": {
			"text": "Heavy vehicles to engage high gear",
			"image": ""
		}
	},
	{
		"model": "exam.option",
		"pk": 73,
		"fields": {
			"text": "Heavy vehicles to engage low gear",
			"image": ""
		}
	},
	{
		"model": "exam.option",
		"pk": 74,
		"fields": {
			"text": "A-28",
			"image": "options/Screenshot_from_2024-12-28_18-17-02.png"
		}
	},
	{
		"model": "exam.option",
		"pk": 75,
		"fields": {
			"text": "B-28",
			"image": "options/Screenshot_from_2024-12-28_18-17-34.png"
		}
	},
	{
		"model": "exam.option",
		"pk": 76,
		"fields": {
			"text": "C-28",
			"image": "options/Screenshot_from_2024-12-28_18-18-02.png"
		}
	},
	{
		"model": "exam.option",
		"pk": 77,
		"fields": {
			"text": "A-29",
			"image": "options/Screenshot_from_2024-12-28_18-20-04.png"
		}
	},
	{
		"model": "exam.option",
		"pk": 78,
		"fields": {
			"text": "B-29",
			"image": "options/Screenshot_from_2024-12-28_18-20-29.png"
		}
	},
	{
		"model": "exam.option",
		"pk": 79,
		"fields": {
			"text": "C-29",
			"image": "options/Screenshot_from_2024-12-28_18-21-00.png"
		}
	},
	{
		"model": "exam.option",
		"pk": 80,
		"fields": {
			"text": "A museum",
			"image": ""
		}
	},
	{
		"model": "exam.option",
		"pk": 81,
		"fields": {
			"text": "A national park",
			"image": ""
		}
	},
	{
		"model": "exam.option",
		"pk": 82,
		"fields": {
			"text": "A theatre",
			"image": ""
		}
	},
	{
		"model": "exam.option",
		"pk": 83,
		"fields": {
			"text": "A-31",
			"image": "options/Screenshot_from_2024-12-28_18-23-31.png"
		}
	},
	{
		"model": "exam.option",
		"pk": 84,
		"fields": {
			"text": "B-31",
			"image": "options/Screenshot_from_2024-12-28_18-23-52.png"
		}
	},
	{
		"model": "exam.option",
		"pk": 85,
		"fields": {
			"text": "C-31",
			"image": "options/Screenshot_from_2024-12-28_18-24-21.png"
		}
	},
	{
		"model": "exam.option",
		"pk": 86,
		"fields": {
			"text": "Information centre",
			"image": ""
		}
	},
	{
		"model": "exam.option",
		"pk": 87,
		"fields": {
			"text": "Tourist information centre",
			"image": ""
		}
	},
	{
		"model": "exam.option",
		"pk": 88,
		"fields": {
			"text": "Cul-de-sac",
			"image": ""
		}
	},
	{
		"model": "exam.option",
		"pk": 89,
		"fields": {
			"text": "A manned toll road",
			"image": ""
		}
	},
	{
		"model": "exam.option",
		"pk": 90,
		"fields": {
			"text": "Highway ahead",
			"image": ""
		}
	},
	{
		"model": "exam.option",
		"pk": 91,
		"fields": {
			"text": "An automatic toll road",
			"image": ""
		}
	},
	{
		"model": "exam.option",
		"pk": 92,
		"fields": {
			"text": "A three-way stop",
			"image": ""
		}
	},
	{
		"model": "exam.option",
		"pk": 93,
		"fields": {
			"text": "Multi-phase traffic signals",
			"image": ""
		}
	},
	{
		"model": "exam.option",
		"pk": 94,
		"fields": {
			"text": "Three traffic signals",
			"image": ""
		}
	},
	{
		"model": "exam.option",
		"pk": 95,
		"fields": {
			"text": "Toll road tariffs",
			"image": ""
		}
	},
	{
		"model": "exam.option",
		"pk": 96,
		"fields": {
			"text": "Toll road ahead",
			"image": ""
		}
	},
	{
		"model": "exam.option",
		"pk": 97,
		"fields": {
			"text": "Toll road users",
			"image": ""
		}
	},
	{
		"model": "exam.option",
		"pk": 98,
		"fields": {
			"text": "Only stop in an emergency",
			"image": ""
		}
	},
	{
		"model": "exam.option",
		"pk": 99,
		"fields": {
			"text": "Do not stop next to the line",
			"image": ""
		}
	},
	{
		"model": "exam.option",
		"pk": 100,
		"fields": {
			"text": "Park next to the line",
			"image": ""
		}
	},
	{
		"model": "exam.option",
		"pk": 101,
		"fields": {
			"text": "A-37",
			"image": "options/Screenshot_from_2024-12-28_18-31-18.png"
		}
	},
	{
		"model": "exam.option",
		"pk": 102,
		"fields": {
			"text": "B-37",
			"image": "options/Screenshot_from_2024-12-28_18-31-47.png"
		}
	},
	{
		"model": "exam.option",
		"pk": 103,
		"fields": {
			"text": "C-37",
			"image": "options/Screenshot_from_2024-12-28_18-32-17.png"
		}
	},
	{
		"model": "exam.option",
		"pk": 104,
		"fields": {
			"text": "A-38",
			"image": "options/Screenshot_from_2024-12-28_18-33-32.png"
		}
	},
	{
		"model": "exam.option",
		"pk": 105,
		"fields": {
			"text": "B-38",
			"image": "options/Screenshot_from_2024-12-28_18-34-07.png"
		}
	},
	{
		"model": "exam.option",
		"pk": 106,
		"fields": {
			"text": "C-38",
			"image": "options/Screenshot_from_2024-12-28_18-34-33.png"
		}
	},
	{
		"model": "exam.option",
		"pk": 107,
		"fields": {
			"text": "Stop and park",
			"image": ""
		}
	},
	{
		"model": "exam.option",
		"pk": 108,
		"fields": {
			"text": "Reduce your speed",
			"image": ""
		}
	},
	{
		"model": "exam.option",
		"pk": 109,
		"fields": {
			"text": "Slow down and yield",
			"image": ""
		}
	},
	{
		"model": "exam.option",
		"pk": 110,
		"fields": {
			"text": "A-40",
			"image": "options/Screenshot_from_2024-12-28_18-37-12.png"
		}
	},
	{
		"model": "exam.option",
		"pk": 111,
		"fields": {
			"text": "B-40",
			"image": "options/Screenshot_from_2024-12-28_18-37-41.png"
		}
	},
	{
		"model": "exam.option",
		"pk": 112,
		"fields": {
			"text": "C-40",
			"image": "options/Screenshot_from_2024-12-28_18-38-07.png"
		}
	},
	{
		"model": "exam.option",
		"pk": 113,
		"fields": {
			"text": "They give additional guidance when turning into a graveyard",
			"image": ""
		}
	},
	{
		"model": "exam.option",
		"pk": 114,
		"fields": {
			"text": "They give additional guidance when turning at a junction or for pedestrians crossing",
			"image": ""
		}
	},
	{
		"model": "exam.option",
		"pk": 115,
		"fields": {
			"text": "They give additional guidance to pedestrians wanting to turn",
			"image": ""
		}
	},
	{
		"model": "exam.option",
		"pk": 116,
		"fields": {
			"text": "The direction in which you must drive",
			"image": ""
		}
	},
	{
		"model": "exam.option",
		"pk": 117,
		"fields": {
			"text": "The lanes within which you must drive",
			"image": ""
		}
	},
	{
		"model": "exam.option",
		"pk": 118,
		"fields": {
			"text": "Separate traffic lanes",
			"image": ""
		}
	},
	{
		"model": "exam.option",
		"pk": 119,
		"fields": {
			"text": "Proceed",
			"image": ""
		}
	},
	{
		"model": "exam.option",
		"pk": 120,
		"fields": {
			"text": "Stop",
			"image": ""
		}
	},
	{
		"model": "exam.option",
		"pk": 121,
		"fields": {
			"text": "Yield for pedestrians",
			"image": ""
		}
	},
	{
		"model": "exam.option",
		"pk": 122,
		"fields": {
			"text": "Pedestrians may cross the road",
			"image": ""
		}
	},
	{
		"model": "exam.option",
		"pk": 123,
		"fields": {
			"text": "Pedestrians may not cross the road",
			"image": ""
		}
	},
	{
		"model": "exam.option",
		"pk": 124,
		"fields": {
			"text": "If the pedestrian has started to cross must turn back",
			"image": ""
		}
	},
	{
		"model": "exam.option",
		"pk": 125,
		"fields": {
			"text": "A-45",
			"image": "options/Screenshot_from_2024-12-28_18-44-06.png"
		}
	},
	{
		"model": "exam.option",
		"pk": 126,
		"fields": {
			"text": "B-45",
			"image": "options/Screenshot_from_2024-12-28_18-44-35.png"
		}
	},
	{
		"model": "exam.option",
		"pk": 127,
		"fields": {
			"text": "C-45",
			"image": "options/Screenshot_from_2024-12-28_18-45-04.png"
		}
	},
	{
		"model": "exam.option",
		"pk": 128,
		"fields": {
			"text": "Drive and turn left and right",
			"image": ""
		}
	},
	{
		"model": "exam.option",
		"pk": 129,
		"fields": {
			"text": "Not to drive the vehicle in the lane over which the cross is displayed",
			"image": ""
		}
	},
	{
		"model": "exam.option",
		"pk": 130,
		"fields": {
			"text": "Drive the vehicle in the lane over which the cross is displayed",
			"image": ""
		}
	},
	{
		"model": "exam.option",
		"pk": 131,
		"fields": {
			"text": "80 km/h",
			"image": ""
		}
	},
	{
		"model": "exam.option",
		"pk": 132,
		"fields": {
			"text": "100 km/h",
			"image": ""
		}
	},
	{
		"model": "exam.option",
		"pk": 133,
		"fields": {
			"text": "120 km/h",
			"image": ""
		}
	},
	{
		"model": "exam.option",
		"pk": 134,
		"fields": {
			"text": "On the edge of the road",
			"image": ""
		}
	},
	{
		"model": "exam.option",
		"pk": 135,
		"fields": {
			"text": "On the right side of the left lane on the road",
			"image": ""
		}
	},
	{
		"model": "exam.option",
		"pk": 136,
		"fields": {
			"text": "On the left side of the road",
			"image": ""
		}
	},
	{
		"model": "exam.option",
		"pk": 137,
		"fields": {
			"text": "Drive on the left, overtake on the right",
			"image": ""
		}
	},
	{
		"model": "exam.option",
		"pk": 138,
		"fields": {
			"text": "Drive on the right, overtake on the left",
			"image": ""
		}
	},
	{
		"model": "exam.option",
		"pk": 139,
		"fields": {
			"text": "Drive in either lane, overtake in either lane",
			"image": ""
		}
	},
	{
		"model": "exam.option",
		"pk": 140,
		"fields": {
			"text": "Only on its right side",
			"image": ""
		}
	},
	{
		"model": "exam.option",
		"pk": 141,
		"fields": {
			"text": "On either side",
			"image": ""
		}
	},
	{
		"model": "exam.option",
		"pk": 142,
		"fields": {
			"text": "Only on its left side",
			"image": ""
		}
	},
	{
		"model": "exam.option",
		"pk": 143,
		"fields": {
			"text": "Cross the unbroken single line and overtake",
			"image": ""
		}
	},
	{
		"model": "exam.option",
		"pk": 144,
		"fields": {
			"text": "Wait behind car B until it moves into the left lane",
			"image": ""
		}
	},
	{
		"model": "exam.option",
		"pk": 145,
		"fields": {
			"text": "Cross the unbroken single line and overtake only if it is safe",
			"image": ""
		}
	},
	{
		"model": "exam.option",
		"pk": 146,
		"fields": {
			"text": "Vehicles a and c only",
			"image": ""
		}
	},
	{
		"model": "exam.option",
		"pk": 147,
		"fields": {
			"text": "Vehicels b and c only",
			"image": ""
		}
	},
	{
		"model": "exam.option",
		"pk": 148,
		"fields": {
			"text": "Vehicles a and b only",
			"image": ""
		}
	},
	{
		"model": "exam.option",
		"pk": 149,
		"fields": {
			"text": "Check to see if it is safe, sound your horn, move out and overtake",
			"image": ""
		}
	},
	{
		"model": "exam.option",
		"pk": 150,
		"fields": {
			"text": "Check to see if it is safe, signal your intention, move out and overtake",
			"image": ""
		}
	},
	{
		"model": "exam.option",
		"pk": 151,
		"fields": {
			"text": "Check to see if it is safe, slow down untill you have more room, move out and overtake",
			"image": ""
		}
	},
	{
		"model": "exam.option",
		"pk": 152,
		"fields": {
			"text": "your headlights to signal",
			"image": ""
		}
	},
	{
		"model": "exam.option",
		"pk": 153,
		"fields": {
			"text": "your horn to signal",
			"image": ""
		}
	},
	{
		"model": "exam.option",
		"pk": 154,
		"fields": {
			"text": "your hand to signal",
			"image": ""
		}
	},
	{
		"model": "exam.option",
		"pk": 155,
		"fields": {
			"text": "Extend right arm, palm down and move forearm in a circular motion",
			"image": ""
		}
	},
	{
		"model": "exam.option",
		"pk": 156,
		"fields": {
			"text": "Extend right arm horizontal to the road, palm forward",
			"image": ""
		}
	},
	{
		"model": "exam.option",
		"pk": 157,
		"fields": {
			"text": "Extend right arm, palm forward and move it forward and backwards",
			"image": ""
		}
	},
	{
		"model": "exam.option",
		"pk": 158,
		"fields": {
			"text": "Vehicles approaching from behind",
			"image": ""
		}
	},
	{
		"model": "exam.option",
		"pk": 159,
		"fields": {
			"text": "Vehicles approaching from the left",
			"image": ""
		}
	},
	{
		"model": "exam.option",
		"pk": 160,
		"fields": {
			"text": "Vehicles approaching from the right",
			"image": ""
		}
	},
	{
		"model": "exam.option",
		"pk": 161,
		"fields": {
			"text": "In an anti-clockwise direction",
			"image": ""
		}
	},
	{
		"model": "exam.option",
		"pk": 162,
		"fields": {
			"text": "In a clockwise direction",
			"image": ""
		}
	},
	{
		"model": "exam.option",
		"pk": 163,
		"fields": {
			"text": "Straight across",
			"image": ""
		}
	},
	{
		"model": "exam.option",
		"pk": 164,
		"fields": {
			"text": "Speed up to get past",
			"image": ""
		}
	},
	{
		"model": "exam.option",
		"pk": 165,
		"fields": {
			"text": "Slow down to let it pass",
			"image": ""
		}
	},
	{
		"model": "exam.option",
		"pk": 166,
		"fields": {
			"text": "Stop your vehicle at the side of the road",
			"image": ""
		}
	},
	{
		"model": "exam.option",
		"pk": 167,
		"fields": {
			"text": "0.5 m",
			"image": ""
		}
	},
	{
		"model": "exam.option",
		"pk": 168,
		"fields": {
			"text": "1m",
			"image": ""
		}
	},
	{
		"model": "exam.option",
		"pk": 169,
		"fields": {
			"text": "1.5 m",
			"image": ""
		}
	},
	{
		"model": "exam.option",
		"pk": 170,
		"fields": {
			"text": "5m",
			"image": ""
		}
	},
	{
		"model": "exam.option",
		"pk": 171,
		"fields": {
			"text": "10 m",
			"image": ""
		}
	},
	{
		"model": "exam.option",
		"pk": 172,
		"fields": {
			"text": "15 m",
			"image": ""
		}
	},
	{
		"model": "exam.option",
		"pk": 173,
		"fields": {
			"text": "You must stop your vehicle",
			"image": ""
		}
	},
	{
		"model": "exam.option",
		"pk": 174,
		"fields": {
			"text": "You must slow down your vehicle",
			"image": ""
		}
	},
	{
		"model": "exam.option",
		"pk": 175,
		"fields": {
			"text": "You may stop your vehicle if it is required",
			"image": ""
		}
	},
	{
		"model": "exam.option",
		"pk": 176,
		"fields": {
			"text": "Not move the vehicles",
			"image": ""
		}
	},
	{
		"model": "exam.option",
		"pk": 177,
		"fields": {
			"text": "Move the vehicles",
			"image": ""
		}
	},
	{
		"model": "exam.option",
		"pk": 178,
		"fields": {
			"text": "Move the vehicle that caused the accident",
			"image": ""
		}
	},
	{
		"model": "exam.option",
		"pk": 179,
		"fields": {
			"text": "Continue at the same speed and sound the horn",
			"image": ""
		}
	},
	{
		"model": "exam.option",
		"pk": 180,
		"fields": {
			"text": "Stop and give way until they have cleared the crossing",
			"image": ""
		}
	},
	{
		"model": "exam.option",
		"pk": 181,
		"fields": {
			"text": "Slow down until they are half way across the crossing and drive on",
			"image": ""
		}
	},
	{
		"model": "exam.option",
		"pk": 182,
		"fields": {
			"text": "Reach the right hand side of the crossing",
			"image": ""
		}
	},
	{
		"model": "exam.option",
		"pk": 183,
		"fields": {
			"text": "Are out of sight",
			"image": ""
		}
	},
	{
		"model": "exam.option",
		"pk": 184,
		"fields": {
			"text": "Are off the crossing and the hand held sign is taken away",
			"image": ""
		}
	},
	{
		"model": "exam.option",
		"pk": 185,
		"fields": {
			"text": "You may not overtake another vehicle stopped in front of you",
			"image": ""
		}
	},
	{
		"model": "exam.option",
		"pk": 186,
		"fields": {
			"text": "You must signal to the pedestrians",
			"image": ""
		}
	},
	{
		"model": "exam.option",
		"pk": 187,
		"fields": {
			"text": "You must sound your horn",
			"image": ""
		}
	},
	{
		"model": "exam.option",
		"pk": 188,
		"fields": {
			"text": "Procession of vehicles travelling together",
			"image": ""
		}
	},
	{
		"model": "exam.option",
		"pk": 189,
		"fields": {
			"text": "A procession of vehicles following each other at 2km apart",
			"image": ""
		}
	},
	{
		"model": "exam.option",
		"pk": 190,
		"fields": {
			"text": "A queue of vehicles waiting behind each other",
			"image": ""
		}
	},
	{
		"model": "exam.option",
		"pk": 191,
		"fields": {
			"text": "Between 20h00 on a Friday and 08h00 on a Monday",
			"image": ""
		}
	},
	{
		"model": "exam.option",
		"pk": 192,
		"fields": {
			"text": "Between 18h00 on a Friday and 06h00 on a Monday",
			"image": ""
		}
	},
	{
		"model": "exam.option",
		"pk": 193,
		"fields": {
			"text": "Between 18h00 on a Friday and 08h00 on a Monday",
			"image": ""
		}
	},
	{
		"model": "exam.option",
		"pk": 194,
		"fields": {
			"text": "Objects may be placed on a public road",
			"image": ""
		}
	},
	{
		"model": "exam.option",
		"pk": 195,
		"fields": {
			"text": "Objects may not be abandoned on a public road",
			"image": ""
		}
	},
	{
		"model": "exam.option",
		"pk": 196,
		"fields": {
			"text": "Objects which endanger traffic may not be placed on public roads",
			"image": ""
		}
	},
	{
		"model": "exam.option",
		"pk": 197,
		"fields": {
			"text": "Motor cycle with engine capacity exceeding 125cc",
			"image": ""
		}
	},
	{
		"model": "exam.option",
		"pk": 198,
		"fields": {
			"text": "Tractor",
			"image": ""
		}
	},
	{
		"model": "exam.option",
		"pk": 199,
		"fields": {
			"text": "Emergency vehicles",
			"image": ""
		}
	},
	{
		"model": "exam.option",
		"pk": 200,
		"fields": {
			"text": "When you suddenly need to turn left",
			"image": ""
		}
	},
	{
		"model": "exam.option",
		"pk": 201,
		"fields": {
			"text": "When you suddenly need to turn right",
			"image": ""
		}
	},
	{
		"model": "exam.option",
		"pk": 202,
		"fields": {
			"text": "When you are driving in an emergency situation",
			"image": ""
		}
	},
	{
		"model": "exam.option",
		"pk": 203,
		"fields": {
			"text": "To control the petrol",
			"image": ""
		}
	},
	{
		"model": "exam.option",
		"pk": 204,
		"fields": {
			"text": "To control the indicators",
			"image": ""
		}
	},
	{
		"model": "exam.option",
		"pk": 205,
		"fields": {
			"text": "To control the speed",
			"image": ""
		}
	},
	{
		"model": "exam.option",
		"pk": 206,
		"fields": {
			"text": "To change direction",
			"image": ""
		}
	},
	{
		"model": "exam.option",
		"pk": 207,
		"fields": {
			"text": "To engage the engine",
			"image": ""
		}
	},
	{
		"model": "exam.option",
		"pk": 208,
		"fields": {
			"text": "To disengage the gears",
			"image": ""
		}
	},
	{
		"model": "exam.option",
		"pk": 209,
		"fields": {
			"text": "The rear brake",
			"image": ""
		}
	},
	{
		"model": "exam.option",
		"pk": 210,
		"fields": {
			"text": "The mirror",
			"image": ""
		}
	},
	{
		"model": "exam.option",
		"pk": 211,
		"fields": {
			"text": "The indicator",
			"image": ""
		}
	},
	{
		"model": "exam.option",
		"pk": 212,
		"fields": {
			"text": "Always",
			"image": ""
		}
	},
	{
		"model": "exam.option",
		"pk": 213,
		"fields": {
			"text": "Never",
			"image": ""
		}
	},
	{
		"model": "exam.option",
		"pk": 214,
		"fields": {
			"text": "When it is necessary",
			"image": ""
		}
	},
	{
		"model": "exam.option",
		"pk": 215,
		"fields": {
			"text": "Only at night",
			"image": ""
		}
	},
	{
		"model": "exam.option",
		"pk": 216,
		"fields": {
			"text": "At night, in poor weather and during the day",
			"image": ""
		}
	},
	{
		"model": "exam.option",
		"pk": 217,
		"fields": {
			"text": "Only in poor weather",
			"image": ""
		}
	},
	{
		"model": "exam.option",
		"pk": 218,
		"fields": {
			"text": "Feet are on a footrest",
			"image": ""
		}
	},
	{
		"model": "exam.option",
		"pk": 219,
		"fields": {
			"text": "Head is on a headrest",
			"image": ""
		}
	},
	{
		"model": "exam.option",
		"pk": 220,
		"fields": {
			"text": "Headlight is off while riding",
			"image": ""
		}
	},
	{
		"model": "exam.option",
		"pk": 221,
		"fields": {
			"text": "45 m",
			"image": ""
		}
	},
	{
		"model": "exam.option",
		"pk": 222,
		"fields": {
			"text": "450 mm",
			"image": ""
		}
	},
	{
		"model": "exam.option",
		"pk": 223,
		"fields": {
			"text": "450 m",
			"image": ""
		}
	},
	{
		"model": "exam.option",
		"pk": 224,
		"fields": {
			"text": "300 mm",
			"image": ""
		}
	},
	{
		"model": "exam.option",
		"pk": 225,
		"fields": {
			"text": "600 mm",
			"image": ""
		}
	},
	{
		"model": "exam.option",
		"pk": 226,
		"fields": {
			"text": "900 mm",
			"image": ""
		}
	},
	{
		"model": "exam.questionoption",
		"pk": 1,
		"fields": {
			"question": 1,
			"option": 1
		}
	},
	{
		"model": "exam.questionoption",
		"pk": 2,
		"fields": {
			"question": 1,
			"option": 2
		}
	},
	{
		"model": "exam.questionoption",
		"pk": 3,
		"fields": {
			"question": 1,
			"option": 3
		}
	},
	{
		"model": "exam.questionoption",
		"pk": 4,
		"fields": {
			"question": 2,
			"option": 4
		}
	},
	{
		"model": "exam.questionoption",
		"pk": 5,
		"fields": {
			"question": 2,
			"option": 5
		}
	},
	{
		"model": "exam.questionoption",
		"pk": 6,
		"fields": {
			"question": 2,
			"option": 6
		}
	},
	{
		"model": "exam.questionoption",
		"pk": 7,
		"fields": {
			"question": 3,
			"option": 7
		}
	},
	{
		"model": "exam.questionoption",
		"pk": 8,
		"fields": {
			"question": 3,
			"option": 8
		}
	},
	{
		"model": "exam.questionoption",
		"pk": 9,
		"fields": {
			"question": 3,
			"option": 9
		}
	},
	{
		"model": "exam.questionoption",
		"pk": 10,
		"fields": {
			"question": 4,
			"option": 10
		}
	},
	{
		"model": "exam.questionoption",
		"pk": 11,
		"fields": {
			"question": 4,
			"option": 11
		}
	},
	{
		"model": "exam.questionoption",
		"pk": 12,
		"fields": {
			"question": 4,
			"option": 12
		}
	},
	{
		"model": "exam.questionoption",
		"pk": 13,
		"fields": {
			"question": 5,
			"option": 13
		}
	},
	{
		"model": "exam.questionoption",
		"pk": 14,
		"fields": {
			"question": 5,
			"option": 14
		}
	},
	{
		"model": "exam.questionoption",
		"pk": 15,
		"fields": {
			"question": 5,
			"option": 15
		}
	},
	{
		"model": "exam.questionoption",
		"pk": 16,
		"fields": {
			"question": 6,
			"option": 16
		}
	},
	{
		"model": "exam.questionoption",
		"pk": 17,
		"fields": {
			"question": 6,
			"option": 17
		}
	},
	{
		"model": "exam.questionoption",
		"pk": 18,
		"fields": {
			"question": 6,
			"option": 18
		}
	},
	{
		"model": "exam.questionoption",
		"pk": 19,
		"fields": {
			"question": 7,
			"option": 19
		}
	},
	{
		"model": "exam.questionoption",
		"pk": 20,
		"fields": {
			"question": 7,
			"option": 20
		}
	},
	{
		"model": "exam.questionoption",
		"pk": 21,
		"fields": {
			"question": 7,
			"option": 21
		}
	},
	{
		"model": "exam.questionoption",
		"pk": 22,
		"fields": {
			"question": 8,
			"option": 22
		}
	},
	{
		"model": "exam.questionoption",
		"pk": 23,
		"fields": {
			"question": 8,
			"option": 23
		}
	},
	{
		"model": "exam.questionoption",
		"pk": 24,
		"fields": {
			"question": 8,
			"option": 24
		}
	},
	{
		"model": "exam.questionoption",
		"pk": 25,
		"fields": {
			"question": 9,
			"option": 25
		}
	},
	{
		"model": "exam.questionoption",
		"pk": 26,
		"fields": {
			"question": 9,
			"option": 26
		}
	},
	{
		"model": "exam.questionoption",
		"pk": 27,
		"fields": {
			"question": 9,
			"option": 27
		}
	},
	{
		"model": "exam.questionoption",
		"pk": 28,
		"fields": {
			"question": 10,
			"option": 28
		}
	},
	{
		"model": "exam.questionoption",
		"pk": 29,
		"fields": {
			"question": 10,
			"option": 29
		}
	},
	{
		"model": "exam.questionoption",
		"pk": 30,
		"fields": {
			"question": 10,
			"option": 30
		}
	},
	{
		"model": "exam.questionoption",
		"pk": 31,
		"fields": {
			"question": 11,
			"option": 31
		}
	},
	{
		"model": "exam.questionoption",
		"pk": 32,
		"fields": {
			"question": 11,
			"option": 32
		}
	},
	{
		"model": "exam.questionoption",
		"pk": 33,
		"fields": {
			"question": 11,
			"option": 33
		}
	},
	{
		"model": "exam.questionoption",
		"pk": 34,
		"fields": {
			"question": 12,
			"option": 34
		}
	},
	{
		"model": "exam.questionoption",
		"pk": 35,
		"fields": {
			"question": 12,
			"option": 35
		}
	},
	{
		"model": "exam.questionoption",
		"pk": 36,
		"fields": {
			"question": 12,
			"option": 36
		}
	},
	{
		"model": "exam.questionoption",
		"pk": 37,
		"fields": {
			"question": 13,
			"option": 37
		}
	},
	{
		"model": "exam.questionoption",
		"pk": 38,
		"fields": {
			"question": 13,
			"option": 38
		}
	},
	{
		"model": "exam.questionoption",
		"pk": 39,
		"fields": {
			"question": 13,
			"option": 39
		}
	},
	{
		"model": "exam.questionoption",
		"pk": 40,
		"fields": {
			"question": 14,
			"option": 40
		}
	},
	{
		"model": "exam.questionoption",
		"pk": 41,
		"fields": {
			"question": 14,
			"option": 41
		}
	},
	{
		"model": "exam.questionoption",
		"pk": 42,
		"fields": {
			"question": 14,
			"option": 42
		}
	},
	{
		"model": "exam.questionoption",
		"pk": 43,
		"fields": {
			"question": 15,
			"option": 43
		}
	},
	{
		"model": "exam.questionoption",
		"pk": 44,
		"fields": {
			"question": 15,
			"option": 44
		}
	},
	{
		"model": "exam.questionoption",
		"pk": 45,
		"fields": {
			"question": 15,
			"option": 45
		}
	},
	{
		"model": "exam.questionoption",
		"pk": 46,
		"fields": {
			"question": 16,
			"option": 46
		}
	},
	{
		"model": "exam.questionoption",
		"pk": 47,
		"fields": {
			"question": 16,
			"option": 47
		}
	},
	{
		"model": "exam.questionoption",
		"pk": 48,
		"fields": {
			"question": 16,
			"option": 48
		}
	},
	{
		"model": "exam.questionoption",
		"pk": 49,
		"fields": {
			"question": 17,
			"option": 49
		}
	},
	{
		"model": "exam.questionoption",
		"pk": 50,
		"fields": {
			"question": 17,
			"option": 50
		}
	},
	{
		"model": "exam.questionoption",
		"pk": 51,
		"fields": {
			"question": 17,
			"option": 52
		}
	},
	{
		"model": "exam.questionoption",
		"pk": 52,
		"fields": {
			"question": 18,
			"option": 53
		}
	},
	{
		"model": "exam.questionoption",
		"pk": 53,
		"fields": {
			"question": 18,
			"option": 54
		}
	},
	{
		"model": "exam.questionoption",
		"pk": 54,
		"fields": {
			"question": 18,
			"option": 55
		}
	},
	{
		"model": "exam.questionoption",
		"pk": 55,
		"fields": {
			"question": 19,
			"option": 56
		}
	},
	{
		"model": "exam.questionoption",
		"pk": 56,
		"fields": {
			"question": 19,
			"option": 57
		}
	},
	{
		"model": "exam.questionoption",
		"pk": 57,
		"fields": {
			"question": 19,
			"option": 58
		}
	},
	{
		"model": "exam.questionoption",
		"pk": 58,
		"fields": {
			"question": 20,
			"option": 59
		}
	},
	{
		"model": "exam.questionoption",
		"pk": 59,
		"fields": {
			"question": 20,
			"option": 60
		}
	},
	{
		"model": "exam.questionoption",
		"pk": 60,
		"fields": {
			"question": 20,
			"option": 61
		}
	},
	{
		"model": "exam.questionoption",
		"pk": 61,
		"fields": {
			"question": 21,
			"option": 62
		}
	},
	{
		"model": "exam.questionoption",
		"pk": 62,
		"fields": {
			"question": 21,
			"option": 63
		}
	},
	{
		"model": "exam.questionoption",
		"pk": 63,
		"fields": {
			"question": 21,
			"option": 64
		}
	},
	{
		"model": "exam.questionoption",
		"pk": 64,
		"fields": {
			"question": 22,
			"option": 65
		}
	},
	{
		"model": "exam.questionoption",
		"pk": 65,
		"fields": {
			"question": 22,
			"option": 66
		}
	},
	{
		"model": "exam.questionoption",
		"pk": 66,
		"fields": {
			"question": 22,
			"option": 67
		}
	},
	{
		"model": "exam.questionoption",
		"pk": 67,
		"fields": {
			"question": 23,
			"option": 68
		}
	},
	{
		"model": "exam.questionoption",
		"pk": 68,
		"fields": {
			"question": 23,
			"option": 69
		}
	},
	{
		"model": "exam.questionoption",
		"pk": 69,
		"fields": {
			"question": 23,
			"option": 70
		}
	},
	{
		"model": "exam.questionoption",
		"pk": 70,
		"fields": {
			"question": 24,
			"option": 71
		}
	},
	{
		"model": "exam.questionoption",
		"pk": 71,
		"fields": {
			"question": 24,
			"option": 72
		}
	},
	{
		"model": "exam.questionoption",
		"pk": 72,
		"fields": {
			"question": 24,
			"option": 73
		}
	},
	{
		"model": "exam.questionoption",
		"pk": 73,
		"fields": {
			"question": 25,
			"option": 74
		}
	},
	{
		"model": "exam.questionoption",
		"pk": 74,
		"fields": {
			"question": 25,
			"option": 75
		}
	},
	{
		"model": "exam.questionoption",
		"pk": 75,
		"fields": {
			"question": 25,
			"option": 76
		}
	},
	{
		"model": "exam.questionoption",
		"pk": 76,
		"fields": {
			"question": 26,
			"option": 77
		}
	},
	{
		"model": "exam.questionoption",
		"pk": 77,
		"fields": {
			"question": 26,
			"option": 78
		}
	},
	{
		"model": "exam.questionoption",
		"pk": 78,
		"fields": {
			"question": 26,
			"option": 79
		}
	},
	{
		"model": "exam.questionoption",
		"pk": 79,
		"fields": {
			"question": 27,
			"option": 80
		}
	},
	{
		"model": "exam.questionoption",
		"pk": 80,
		"fields": {
			"question": 27,
			"option": 81
		}
	},
	{
		"model": "exam.questionoption",
		"pk": 81,
		"fields": {
			"question": 27,
			"option": 82
		}
	},
	{
		"model": "exam.questionoption",
		"pk": 82,
		"fields": {
			"question": 28,
			"option": 83
		}
	},
	{
		"model": "exam.questionoption",
		"pk": 83,
		"fields": {
			"question": 28,
			"option": 84
		}
	},
	{
		"model": "exam.questionoption",
		"pk": 84,
		"fields": {
			"question": 28,
			"option": 85
		}
	},
	{
		"model": "exam.questionoption",
		"pk": 85,
		"fields": {
			"question": 29,
			"option": 86
		}
	},
	{
		"model": "exam.questionoption",
		"pk": 86,
		"fields": {
			"question": 29,
			"option": 87
		}
	},
	{
		"model": "exam.questionoption",
		"pk": 87,
		"fields": {
			"question": 29,
			"option": 88
		}
	},
	{
		"model": "exam.questionoption",
		"pk": 88,
		"fields": {
			"question": 30,
			"option": 89
		}
	},
	{
		"model": "exam.questionoption",
		"pk": 89,
		"fields": {
			"question": 30,
			"option": 90
		}
	},
	{
		"model": "exam.questionoption",
		"pk": 90,
		"fields": {
			"question": 30,
			"option": 91
		}
	},
	{
		"model": "exam.questionoption",
		"pk": 91,
		"fields": {
			"question": 31,
			"option": 92
		}
	},
	{
		"model": "exam.questionoption",
		"pk": 92,
		"fields": {
			"question": 31,
			"option": 93
		}
	},
	{
		"model": "exam.questionoption",
		"pk": 93,
		"fields": {
			"question": 31,
			"option": 94
		}
	},
	{
		"model": "exam.questionoption",
		"pk": 94,
		"fields": {
			"question": 32,
			"option": 95
		}
	},
	{
		"model": "exam.questionoption",
		"pk": 95,
		"fields": {
			"question": 32,
			"option": 96
		}
	},
	{
		"model": "exam.questionoption",
		"pk": 96,
		"fields": {
			"question": 32,
			"option": 97
		}
	},
	{
		"model": "exam.questionoption",
		"pk": 97,
		"fields": {
			"question": 33,
			"option": 98
		}
	},
	{
		"model": "exam.questionoption",
		"pk": 98,
		"fields": {
			"question": 33,
			"option": 99
		}
	},
	{
		"model": "exam.questionoption",
		"pk": 99,
		"fields": {
			"question": 33,
			"option": 100
		}
	},
	{
		"model": "exam.questionoption",
		"pk": 100,
		"fields": {
			"question": 34,
			"option": 101
		}
	},
	{
		"model": "exam.questionoption",
		"pk": 101,
		"fields": {
			"question": 34,
			"option": 102
		}
	},
	{
		"model": "exam.questionoption",
		"pk": 102,
		"fields": {
			"question": 34,
			"option": 103
		}
	},
	{
		"model": "exam.questionoption",
		"pk": 103,
		"fields": {
			"question": 35,
			"option": 104
		}
	},
	{
		"model": "exam.questionoption",
		"pk": 104,
		"fields": {
			"question": 35,
			"option": 105
		}
	},
	{
		"model": "exam.questionoption",
		"pk": 105,
		"fields": {
			"question": 35,
			"option": 106
		}
	},
	{
		"model": "exam.questionoption",
		"pk": 106,
		"fields": {
			"question": 36,
			"option": 107
		}
	},
	{
		"model": "exam.questionoption",
		"pk": 107,
		"fields": {
			"question": 36,
			"option": 108
		}
	},
	{
		"model": "exam.questionoption",
		"pk": 108,
		"fields": {
			"question": 36,
			"option": 109
		}
	},
	{
		"model": "exam.questionoption",
		"pk": 109,
		"fields": {
			"question": 37,
			"option": 110
		}
	},
	{
		"model": "exam.questionoption",
		"pk": 110,
		"fields": {
			"question": 37,
			"option": 111
		}
	},
	{
		"model": "exam.questionoption",
		"pk": 111,
		"fields": {
			"question": 37,
			"option": 112
		}
	},
	{
		"model": "exam.questionoption",
		"pk": 112,
		"fields": {
			"question": 38,
			"option": 113
		}
	},
	{
		"model": "exam.questionoption",
		"pk": 113,
		"fields": {
			"question": 38,
			"option": 114
		}
	},
	{
		"model": "exam.questionoption",
		"pk": 114,
		"fields": {
			"question": 38,
			"option": 115
		}
	},
	{
		"model": "exam.questionoption",
		"pk": 115,
		"fields": {
			"question": 39,
			"option": 116
		}
	},
	{
		"model": "exam.questionoption",
		"pk": 116,
		"fields": {
			"question": 39,
			"option": 117
		}
	},
	{
		"model": "exam.questionoption",
		"pk": 117,
		"fields": {
			"question": 39,
			"option": 118
		}
	},
	{
		"model": "exam.questionoption",
		"pk": 118,
		"fields": {
			"question": 40,
			"option": 119
		}
	},
	{
		"model": "exam.questionoption",
		"pk": 119,
		"fields": {
			"question": 40,
			"option": 120
		}
	},
	{
		"model": "exam.questionoption",
		"pk": 120,
		"fields": {
			"question": 40,
			"option": 121
		}
	},
	{
		"model": "exam.questionoption",
		"pk": 121,
		"fields": {
			"question": 41,
			"option": 122
		}
	},
	{
		"model": "exam.questionoption",
		"pk": 122,
		"fields": {
			"question": 41,
			"option": 123
		}
	},
	{
		"model": "exam.questionoption",
		"pk": 123,
		"fields": {
			"question": 41,
			"option": 124
		}
	},
	{
		"model": "exam.questionoption",
		"pk": 124,
		"fields": {
			"question": 42,
			"option": 125
		}
	},
	{
		"model": "exam.questionoption",
		"pk": 125,
		"fields": {
			"question": 42,
			"option": 126
		}
	},
	{
		"model": "exam.questionoption",
		"pk": 126,
		"fields": {
			"question": 42,
			"option": 127
		}
	},
	{
		"model": "exam.questionoption",
		"pk": 127,
		"fields": {
			"question": 43,
			"option": 128
		}
	},
	{
		"model": "exam.questionoption",
		"pk": 128,
		"fields": {
			"question": 43,
			"option": 129
		}
	},
	{
		"model": "exam.questionoption",
		"pk": 129,
		"fields": {
			"question": 43,
			"option": 130
		}
	},
	{
		"model": "exam.questionoption",
		"pk": 130,
		"fields": {
			"question": 44,
			"option": 131
		}
	},
	{
		"model": "exam.questionoption",
		"pk": 131,
		"fields": {
			"question": 44,
			"option": 132
		}
	},
	{
		"model": "exam.questionoption",
		"pk": 132,
		"fields": {
			"question": 44,
			"option": 133
		}
	},
	{
		"model": "exam.questionoption",
		"pk": 133,
		"fields": {
			"question": 45,
			"option": 134
		}
	},
	{
		"model": "exam.questionoption",
		"pk": 134,
		"fields": {
			"question": 45,
			"option": 135
		}
	},
	{
		"model": "exam.questionoption",
		"pk": 135,
		"fields": {
			"question": 45,
			"option": 136
		}
	},
	{
		"model": "exam.questionoption",
		"pk": 136,
		"fields": {
			"question": 46,
			"option": 137
		}
	},
	{
		"model": "exam.questionoption",
		"pk": 137,
		"fields": {
			"question": 46,
			"option": 138
		}
	},
	{
		"model": "exam.questionoption",
		"pk": 138,
		"fields": {
			"question": 46,
			"option": 139
		}
	},
	{
		"model": "exam.questionoption",
		"pk": 139,
		"fields": {
			"question": 47,
			"option": 140
		}
	},
	{
		"model": "exam.questionoption",
		"pk": 140,
		"fields": {
			"question": 47,
			"option": 141
		}
	},
	{
		"model": "exam.questionoption",
		"pk": 141,
		"fields": {
			"question": 47,
			"option": 142
		}
	},
	{
		"model": "exam.questionoption",
		"pk": 142,
		"fields": {
			"question": 48,
			"option": 143
		}
	},
	{
		"model": "exam.questionoption",
		"pk": 143,
		"fields": {
			"question": 48,
			"option": 144
		}
	},
	{
		"model": "exam.questionoption",
		"pk": 144,
		"fields": {
			"question": 48,
			"option": 145
		}
	},
	{
		"model": "exam.questionoption",
		"pk": 145,
		"fields": {
			"question": 49,
			"option": 146
		}
	},
	{
		"model": "exam.questionoption",
		"pk": 146,
		"fields": {
			"question": 49,
			"option": 147
		}
	},
	{
		"model": "exam.questionoption",
		"pk": 147,
		"fields": {
			"question": 49,
			"option": 148
		}
	},
	{
		"model": "exam.questionoption",
		"pk": 148,
		"fields": {
			"question": 50,
			"option": 149
		}
	},
	{
		"model": "exam.questionoption",
		"pk": 149,
		"fields": {
			"question": 50,
			"option": 150
		}
	},
	{
		"model": "exam.questionoption",
		"pk": 150,
		"fields": {
			"question": 50,
			"option": 151
		}
	},
	{
		"model": "exam.questionoption",
		"pk": 151,
		"fields": {
			"question": 51,
			"option": 152
		}
	},
	{
		"model": "exam.questionoption",
		"pk": 152,
		"fields": {
			"question": 51,
			"option": 153
		}
	},
	{
		"model": "exam.questionoption",
		"pk": 153,
		"fields": {
			"question": 51,
			"option": 154
		}
	},
	{
		"model": "exam.questionoption",
		"pk": 154,
		"fields": {
			"question": 52,
			"option": 155
		}
	},
	{
		"model": "exam.questionoption",
		"pk": 155,
		"fields": {
			"question": 52,
			"option": 156
		}
	},
	{
		"model": "exam.questionoption",
		"pk": 156,
		"fields": {
			"question": 52,
			"option": 157
		}
	},
	{
		"model": "exam.questionoption",
		"pk": 157,
		"fields": {
			"question": 53,
			"option": 158
		}
	},
	{
		"model": "exam.questionoption",
		"pk": 158,
		"fields": {
			"question": 53,
			"option": 159
		}
	},
	{
		"model": "exam.questionoption",
		"pk": 159,
		"fields": {
			"question": 53,
			"option": 160
		}
	},
	{
		"model": "exam.questionoption",
		"pk": 160,
		"fields": {
			"question": 54,
			"option": 161
		}
	},
	{
		"model": "exam.questionoption",
		"pk": 161,
		"fields": {
			"question": 54,
			"option": 162
		}
	},
	{
		"model": "exam.questionoption",
		"pk": 162,
		"fields": {
			"question": 54,
			"option": 163
		}
	},
	{
		"model": "exam.questionoption",
		"pk": 163,
		"fields": {
			"question": 55,
			"option": 164
		}
	},
	{
		"model": "exam.questionoption",
		"pk": 164,
		"fields": {
			"question": 55,
			"option": 165
		}
	},
	{
		"model": "exam.questionoption",
		"pk": 165,
		"fields": {
			"question": 55,
			"option": 166
		}
	},
	{
		"model": "exam.questionoption",
		"pk": 166,
		"fields": {
			"question": 56,
			"option": 167
		}
	},
	{
		"model": "exam.questionoption",
		"pk": 167,
		"fields": {
			"question": 56,
			"option": 168
		}
	},
	{
		"model": "exam.questionoption",
		"pk": 168,
		"fields": {
			"question": 56,
			"option": 169
		}
	},
	{
		"model": "exam.questionoption",
		"pk": 169,
		"fields": {
			"question": 57,
			"option": 170
		}
	},
	{
		"model": "exam.questionoption",
		"pk": 170,
		"fields": {
			"question": 57,
			"option": 171
		}
	},
	{
		"model": "exam.questionoption",
		"pk": 171,
		"fields": {
			"question": 57,
			"option": 172
		}
	},
	{
		"model": "exam.questionoption",
		"pk": 172,
		"fields": {
			"question": 58,
			"option": 173
		}
	},
	{
		"model": "exam.questionoption",
		"pk": 173,
		"fields": {
			"question": 58,
			"option": 174
		}
	},
	{
		"model": "exam.questionoption",
		"pk": 174,
		"fields": {
			"question": 58,
			"option": 175
		}
	},
	{
		"model": "exam.questionoption",
		"pk": 175,
		"fields": {
			"question": 59,
			"option": 176
		}
	},
	{
		"model": "exam.questionoption",
		"pk": 176,
		"fields": {
			"question": 59,
			"option": 177
		}
	},
	{
		"model": "exam.questionoption",
		"pk": 177,
		"fields": {
			"question": 59,
			"option": 178
		}
	},
	{
		"model": "exam.questionoption",
		"pk": 178,
		"fields": {
			"question": 60,
			"option": 179
		}
	},
	{
		"model": "exam.questionoption",
		"pk": 179,
		"fields": {
			"question": 60,
			"option": 180
		}
	},
	{
		"model": "exam.questionoption",
		"pk": 180,
		"fields": {
			"question": 60,
			"option": 181
		}
	},
	{
		"model": "exam.questionoption",
		"pk": 181,
		"fields": {
			"question": 61,
			"option": 182
		}
	},
	{
		"model": "exam.questionoption",
		"pk": 182,
		"fields": {
			"question": 61,
			"option": 183
		}
	},
	{
		"model": "exam.questionoption",
		"pk": 183,
		"fields": {
			"question": 61,
			"option": 184
		}
	},
	{
		"model": "exam.questionoption",
		"pk": 184,
		"fields": {
			"question": 62,
			"option": 185
		}
	},
	{
		"model": "exam.questionoption",
		"pk": 185,
		"fields": {
			"question": 62,
			"option": 186
		}
	},
	{
		"model": "exam.questionoption",
		"pk": 186,
		"fields": {
			"question": 62,
			"option": 187
		}
	},
	{
		"model": "exam.questionoption",
		"pk": 187,
		"fields": {
			"question": 63,
			"option": 188
		}
	},
	{
		"model": "exam.questionoption",
		"pk": 188,
		"fields": {
			"question": 63,
			"option": 189
		}
	},
	{
		"model": "exam.questionoption",
		"pk": 189,
		"fields": {
			"question": 63,
			"option": 190
		}
	},
	{
		"model": "exam.questionoption",
		"pk": 190,
		"fields": {
			"question": 64,
			"option": 191
		}
	},
	{
		"model": "exam.questionoption",
		"pk": 191,
		"fields": {
			"question": 64,
			"option": 192
		}
	},
	{
		"model": "exam.questionoption",
		"pk": 192,
		"fields": {
			"question": 64,
			"option": 193
		}
	},
	{
		"model": "exam.questionoption",
		"pk": 193,
		"fields": {
			"question": 65,
			"option": 194
		}
	},
	{
		"model": "exam.questionoption",
		"pk": 194,
		"fields": {
			"question": 65,
			"option": 195
		}
	},
	{
		"model": "exam.questionoption",
		"pk": 195,
		"fields": {
			"question": 65,
			"option": 196
		}
	},
	{
		"model": "exam.questionoption",
		"pk": 196,
		"fields": {
			"question": 66,
			"option": 197
		}
	},
	{
		"model": "exam.questionoption",
		"pk": 197,
		"fields": {
			"question": 66,
			"option": 198
		}
	},
	{
		"model": "exam.questionoption",
		"pk": 198,
		"fields": {
			"question": 66,
			"option": 199
		}
	},
	{
		"model": "exam.questionoption",
		"pk": 199,
		"fields": {
			"question": 67,
			"option": 200
		}
	},
	{
		"model": "exam.questionoption",
		"pk": 200,
		"fields": {
			"question": 67,
			"option": 201
		}
	},
	{
		"model": "exam.questionoption",
		"pk": 201,
		"fields": {
			"question": 67,
			"option": 202
		}
	},
	{
		"model": "exam.questionoption",
		"pk": 202,
		"fields": {
			"question": 68,
			"option": 203
		}
	},
	{
		"model": "exam.questionoption",
		"pk": 203,
		"fields": {
			"question": 68,
			"option": 204
		}
	},
	{
		"model": "exam.questionoption",
		"pk": 204,
		"fields": {
			"question": 68,
			"option": 205
		}
	},
	{
		"model": "exam.questionoption",
		"pk": 205,
		"fields": {
			"question": 69,
			"option": 206
		}
	},
	{
		"model": "exam.questionoption",
		"pk": 206,
		"fields": {
			"question": 69,
			"option": 207
		}
	},
	{
		"model": "exam.questionoption",
		"pk": 207,
		"fields": {
			"question": 69,
			"option": 208
		}
	},
	{
		"model": "exam.questionoption",
		"pk": 208,
		"fields": {
			"question": 70,
			"option": 209
		}
	},
	{
		"model": "exam.questionoption",
		"pk": 209,
		"fields": {
			"question": 70,
			"option": 210
		}
	},
	{
		"model": "exam.questionoption",
		"pk": 210,
		"fields": {
			"question": 70,
			"option": 211
		}
	},
	{
		"model": "exam.questionoption",
		"pk": 211,
		"fields": {
			"question": 71,
			"option": 212
		}
	},
	{
		"model": "exam.questionoption",
		"pk": 212,
		"fields": {
			"question": 71,
			"option": 213
		}
	},
	{
		"model": "exam.questionoption",
		"pk": 213,
		"fields": {
			"question": 71,
			"option": 214
		}
	},
	{
		"model": "exam.questionoption",
		"pk": 214,
		"fields": {
			"question": 72,
			"option": 215
		}
	},
	{
		"model": "exam.questionoption",
		"pk": 215,
		"fields": {
			"question": 72,
			"option": 216
		}
	},
	{
		"model": "exam.questionoption",
		"pk": 216,
		"fields": {
			"question": 72,
			"option": 217
		}
	},
	{
		"model": "exam.questionoption",
		"pk": 217,
		"fields": {
			"question": 73,
			"option": 218
		}
	},
	{
		"model": "exam.questionoption",
		"pk": 218,
		"fields": {
			"question": 73,
			"option": 219
		}
	},
	{
		"model": "exam.questionoption",
		"pk": 219,
		"fields": {
			"question": 73,
			"option": 220
		}
	},
	{
		"model": "exam.questionoption",
		"pk": 220,
		"fields": {
			"question": 74,
			"option": 221
		}
	},
	{
		"model": "exam.questionoption",
		"pk": 221,
		"fields": {
			"question": 74,
			"option": 222
		}
	},
	{
		"model": "exam.questionoption",
		"pk": 222,
		"fields": {
			"question": 74,
			"option": 223
		}
	},
	{
		"model": "exam.questionoption",
		"pk": 223,
		"fields": {
			"question": 75,
			"option": 224
		}
	},
	{
		"model": "exam.questionoption",
		"pk": 224,
		"fields": {
			"question": 75,
			"option": 225
		}
	},
	{
		"model": "exam.questionoption",
		"pk": 225,
		"fields": {
			"question": 75,
			"option": 226
		}
	},
	{
		"model": "exam.question",
		"pk": 1,
		"fields": {
			"question": "When you see this sign you should:",
			"image": "questions/Screenshot_from_2024-12-28_12-41-42_7NnQ5aG.png",
			"section": "SECTION_B",
			"answer": 3
		}
	},
	{
		"model": "exam.question",
		"pk": 2,
		"fields": {
			"question": "What should you do if you see this sign?",
			"image": "questions/Screenshot_from_2024-12-28_13-08-50.png",
			"section": "SECTION_B",
			"answer": 6
		}
	},
	{
		"model": "exam.question",
		"pk": 3,
		"fields": {
			"question": "Which sign means that the road is only for taxis?",
			"image": "questions/Screenshot_from_2024-12-28_17-18-14.png",
			"section": "SECTION_B",
			"answer": 9
		}
	},
	{
		"model": "exam.question",
		"pk": 4,
		"fields": {
			"question": "You are most likely to find this sign:",
			"image": "questions/Screenshot_from_2024-12-28_17-21-34.png",
			"section": "SECTION_B",
			"answer": 11
		}
	},
	{
		"model": "exam.question",
		"pk": 5,
		"fields": {
			"question": "Which sign indicates that excessive noise is not allowed?",
			"image": "questions/Screenshot_from_2024-12-28_17-23-45.png",
			"section": "SECTION_B",
			"answer": 13
		}
	},
	{
		"model": "exam.question",
		"pk": 6,
		"fields": {
			"question": "Which sign shows that this portion of the road is reserved for emergency service vehicles?",
			"image": "questions/Screenshot_from_2024-12-28_17-26-02.png",
			"section": "SECTION_B",
			"answer": 18
		}
	},
	{
		"model": "exam.question",
		"pk": 7,
		"fields": {
			"question": "Which statement is correct?",
			"image": "questions/Screenshot_from_2024-12-28_17-32-14.png",
			"section": "SECTION_B",
			"answer": 20
		}
	},
	{
		"model": "exam.question",
		"pk": 8,
		"fields": {
			"question": "You would most likey find this sign:",
			"image": "questions/Screenshot_from_2024-12-28_17-34-40.png",
			"section": "SECTION_B",
			"answer": 24
		}
	},
	{
		"model": "exam.question",
		"pk": 9,
		"fields": {
			"question": "When you see this sign below a regulatory sign, the sign applies:",
			"image": "questions/Screenshot_from_2024-12-28_17-37-04.png",
			"section": "SECTION_B",
			"answer": 26
		}
	},
	{
		"model": "exam.question",
		"pk": 10,
		"fields": {
			"question": "When you see this sign below a regulatory sign, the driver:",
			"image": "questions/Screenshot_from_2024-12-28_17-38-56.png",
			"section": "SECTION_B",
			"answer": 28
		}
	},
	{
		"model": "exam.question",
		"pk": 11,
		"fields": {
			"question": "Which sign indicates there is a side road junction ahead?",
			"image": "questions/Screenshot_from_2024-12-28_17-41-35.png",
			"section": "SECTION_B",
			"answer": 31
		}
	},
	{
		"model": "exam.question",
		"pk": 12,
		"fields": {
			"question": "Which sign indicates the end of a dual roadway?",
			"image": "questions/Screenshot_from_2024-12-28_17-46-26.png",
			"section": "SECTION_B",
			"answer": 35
		}
	},
	{
		"model": "exam.question",
		"pk": 13,
		"fields": {
			"question": "Which sign indicates a steep ascent ahead?",
			"image": "questions/Screenshot_from_2024-12-28_17-49-45.png",
			"section": "SECTION_B",
			"answer": 37
		}
	},
	{
		"model": "exam.question",
		"pk": 14,
		"fields": {
			"question": "What should you do if you see this sign?",
			"image": "questions/Screenshot_from_2024-12-28_17-52-48.png",
			"section": "SECTION_B",
			"answer": 40
		}
	},
	{
		"model": "exam.question",
		"pk": 15,
		"fields": {
			"question": "This sign means that:",
			"image": "questions/Screenshot_from_2024-12-28_17-55-11.png",
			"section": "SECTION_B",
			"answer": 44
		}
	},
	{
		"model": "exam.question",
		"pk": 16,
		"fields": {
			"question": "Which sign indicates that there is a speed bump ahead?",
			"image": "questions/Screenshot_from_2024-12-28_17-56-45.png",
			"section": "SECTION_B",
			"answer": 47
		}
	},
	{
		"model": "exam.question",
		"pk": 17,
		"fields": {
			"question": "You would most likely see this sign:",
			"image": "questions/Screenshot_from_2024-12-28_17-58-47.png",
			"section": "SECTION_B",
			"answer": 52
		}
	},
	{
		"model": "exam.question",
		"pk": 18,
		"fields": {
			"question": "Which sign indicates there is a dead end ahead?",
			"image": "questions/Screenshot_from_2024-12-28_18-01-18.png",
			"section": "SECTION_B",
			"answer": 55
		}
	},
	{
		"model": "exam.question",
		"pk": 19,
		"fields": {
			"question": "Which sign indicates there is a railway crossing ahead?",
			"image": "questions/Screenshot_from_2024-12-28_18-04-17.png",
			"section": "SECTION_B",
			"answer": 56
		}
	},
	{
		"model": "exam.question",
		"pk": 20,
		"fields": {
			"question": "When you see this sign you should:",
			"image": "questions/Screenshot_from_2024-12-28_18-06-24.png",
			"section": "SECTION_B",
			"answer": 60
		}
	},
	{
		"model": "exam.question",
		"pk": 21,
		"fields": {
			"question": "Which sign indicates a suburb name?",
			"image": "questions/Screenshot_from_2024-12-28_18-07-48.png",
			"section": "SECTION_B",
			"answer": 63
		}
	},
	{
		"model": "exam.question",
		"pk": 22,
		"fields": {
			"question": "Which sign indicates there is a single freeway ahead?",
			"image": "questions/Screenshot_from_2024-12-28_18-10-16.png",
			"section": "SECTION_B",
			"answer": 66
		}
	},
	{
		"model": "exam.question",
		"pk": 23,
		"fields": {
			"question": "Which sign indicates a route?",
			"image": "questions/Screenshot_from_2024-12-28_18-12-28.png",
			"section": "SECTION_B",
			"answer": 69
		}
	},
	{
		"model": "exam.question",
		"pk": 24,
		"fields": {
			"question": "What does this sign mean?",
			"image": "questions/Screenshot_from_2024-12-28_18-14-47.png",
			"section": "SECTION_B",
			"answer": 73
		}
	},
	{
		"model": "exam.question",
		"pk": 25,
		"fields": {
			"question": "Which signs indicates public transport?",
			"image": "questions/Screenshot_from_2024-12-28_18-16-31.png",
			"section": "SECTION_B",
			"answer": 75
		}
	},
	{
		"model": "exam.question",
		"pk": 26,
		"fields": {
			"question": "Which sign indicates an overhead advanced route marker?",
			"image": "questions/Screenshot_from_2024-12-28_18-19-38.png",
			"section": "SECTION_B",
			"answer": 79
		}
	},
	{
		"model": "exam.question",
		"pk": 27,
		"fields": {
			"question": "This sign indicates:",
			"image": "questions/Screenshot_from_2024-12-28_18-21-38.png",
			"section": "SECTION_B",
			"answer": 80
		}
	},
	{
		"model": "exam.question",
		"pk": 28,
		"fields": {
			"question": "Which sign indicates an additional lane?",
			"image": "questions/Screenshot_from_2024-12-28_18-22-58.png",
			"section": "SECTION_B",
			"answer": 84
		}
	},
	{
		"model": "exam.question",
		"pk": 29,
		"fields": {
			"question": "What does this sign mean?",
			"image": "questions/Screenshot_from_2024-12-28_18-24-50.png",
			"section": "SECTION_B",
			"answer": 88
		}
	},
	{
		"model": "exam.question",
		"pk": 30,
		"fields": {
			"question": "This sign indicates:",
			"image": "questions/Screenshot_from_2024-12-28_18-25-56.png",
			"section": "SECTION_B",
			"answer": 91
		}
	},
	{
		"model": "exam.question",
		"pk": 31,
		"fields": {
			"question": "This sign indicates:",
			"image": "questions/Screenshot_from_2024-12-28_18-26-56.png",
			"section": "SECTION_B",
			"answer": 93
		}
	},
	{
		"model": "exam.question",
		"pk": 32,
		"fields": {
			"question": "This sign indicates:",
			"image": "questions/Screenshot_from_2024-12-28_18-28-08.png",
			"section": "SECTION_B",
			"answer": 95
		}
	},
	{
		"model": "exam.question",
		"pk": 33,
		"fields": {
			"question": "How should you react to this road marking?",
			"image": "questions/Screenshot_from_2024-12-28_18-29-15.png",
			"section": "SECTION_B",
			"answer": 99
		}
	},
	{
		"model": "exam.question",
		"pk": 34,
		"fields": {
			"question": "Which road marking indicates the end of exclusive use lanes?",
			"image": "questions/Screenshot_from_2024-12-28_18-30-38.png",
			"section": "SECTION_B",
			"answer": 102
		}
	},
	{
		"model": "exam.question",
		"pk": 35,
		"fields": {
			"question": "Which road marking indicates that you must not enter the area unless your exit is clear?",
			"image": "questions/Screenshot_from_2024-12-28_18-33-05.png",
			"section": "SECTION_B",
			"answer": 104
		}
	},
	{
		"model": "exam.question",
		"pk": 36,
		"fields": {
			"question": "What should you do when you approach this marking?",
			"image": "questions/Screenshot_from_2024-12-28_18-35-20.png",
			"section": "SECTION_B",
			"answer": 108
		}
	},
	{
		"model": "exam.question",
		"pk": 37,
		"fields": {
			"question": "Which road marking indicates a railway crossing?",
			"image": "questions/Screenshot_from_2024-12-28_18-36-46.png",
			"section": "SECTION_B",
			"answer": 110
		}
	},
	{
		"model": "exam.question",
		"pk": 38,
		"fields": {
			"question": "What is the function of this guide lines?",
			"image": "questions/Screenshot_from_2024-12-28_18-38-46.png",
			"section": "SECTION_B",
			"answer": 114
		}
	},
	{
		"model": "exam.question",
		"pk": 39,
		"fields": {
			"question": "What do these lane lines indicate?",
			"image": "questions/Screenshot_from_2024-12-28_18-40-07.png",
			"section": "SECTION_B",
			"answer": 118
		}
	},
	{
		"model": "exam.question",
		"pk": 40,
		"fields": {
			"question": "This light means you:",
			"image": "questions/Screenshot_from_2024-12-28_18-41-20.png",
			"section": "SECTION_B",
			"answer": 119
		}
	},
	{
		"model": "exam.question",
		"pk": 41,
		"fields": {
			"question": "A steady green man light signals means:",
			"image": "questions/Screenshot_from_2024-12-28_18-42-32.png",
			"section": "SECTION_B",
			"answer": 122
		}
	},
	{
		"model": "exam.question",
		"pk": 42,
		"fields": {
			"question": "Which flag signal means that you should stop?",
			"image": "questions/Screenshot_from_2024-12-28_18-43-44.png",
			"section": "SECTION_B",
			"answer": 125
		}
	},
	{
		"model": "exam.question",
		"pk": 43,
		"fields": {
			"question": "A steady red cross shows the driver to:",
			"image": "questions/Screenshot_from_2024-12-28_18-45-50.png",
			"section": "SECTION_B",
			"answer": 129
		}
	},
	{
		"model": "exam.question",
		"pk": 44,
		"fields": {
			"question": "The speed limit for sedan motor vehicles outside an urban area on tarred roads is:",
			"image": "",
			"section": "SECTION_C",
			"answer": 133
		}
	},
	{
		"model": "exam.question",
		"pk": 45,
		"fields": {
			"question": "You should drive your vehicle :",
			"image": "",
			"section": "SECTION_C",
			"answer": 136
		}
	},
	{
		"model": "exam.question",
		"pk": 46,
		"fields": {
			"question": "On a road or highway with more than one lane for traffic moving in opposite direction, you should:",
			"image": "",
			"section": "SECTION_C",
			"answer": 137
		}
	},
	{
		"model": "exam.question",
		"pk": 47,
		"fields": {
			"question": "If safe, you may overtake another vehicle in front, which is not signalling:",
			"image": "",
			"section": "SECTION_C",
			"answer": 140
		}
	},
	{
		"model": "exam.question",
		"pk": 48,
		"fields": {
			"question": "You are in car A. You wish to overtake car B.  You should:",
			"image": "questions/Screenshot_from_2024-12-28_18-51-13.png",
			"section": "SECTION_C",
			"answer": 144
		}
	},
	{
		"model": "exam.question",
		"pk": 49,
		"fields": {
			"question": "Which of the vehicles are permitted to cross the lines in the centre of the road in order to overtake?",
			"image": "questions/Screenshot_from_2024-12-28_18-52-44.png",
			"section": "SECTION_C",
			"answer": 148
		}
	},
	{
		"model": "exam.question",
		"pk": 50,
		"fields": {
			"question": "Before beginning to overtake another vehicle, you should:",
			"image": "",
			"section": "SECTION_C",
			"answer": 150
		}
	},
	{
		"model": "exam.question",
		"pk": 51,
		"fields": {
			"question": "If your vehicle indicators fail, and you are driving on a public road, you should use:",
			"image": "",
			"section": "SECTION_C",
			"answer": 154
		}
	},
	{
		"model": "exam.question",
		"pk": 52,
		"fields": {
			"question": "If you want to make a right-turn hand signal, you:",
			"image": "",
			"section": "SECTION_C",
			"answer": 156
		}
	},
	{
		"model": "exam.question",
		"pk": 53,
		"fields": {
			"question": "When entering a traffic circle, give right of way to:",
			"image": "",
			"section": "SECTION_C",
			"answer": 160
		}
	},
	{
		"model": "exam.question",
		"pk": 54,
		"fields": {
			"question": "When driving around a traffic circle, you should drive:",
			"image": "",
			"section": "SECTION_C",
			"answer": 162
		}
	},
	{
		"model": "exam.question",
		"pk": 55,
		"fields": {
			"question": "What should you do if you are approached or passed by the State motorcade?:",
			"image": "",
			"section": "SECTION_C",
			"answer": 166
		}
	},
	{
		"model": "exam.question",
		"pk": 56,
		"fields": {
			"question": "You may not park within what distance from a fire hydrant?",
			"image": "",
			"section": "SECTION_C",
			"answer": 169
		}
	},
	{
		"model": "exam.question",
		"pk": 57,
		"fields": {
			"question": "You should not park within what distance from an intersection?",
			"image": "",
			"section": "SECTION_C",
			"answer": 170
		}
	},
	{
		"model": "exam.question",
		"pk": 58,
		"fields": {
			"question": "A compulsory stop means:",
			"image": "",
			"section": "SECTION_C",
			"answer": 173
		}
	},
	{
		"model": "exam.question",
		"pk": 59,
		"fields": {
			"question": "If someone has been killed or injured in an accident, you may:",
			"image": "",
			"section": "SECTION_C",
			"answer": 176
		}
	},
	{
		"model": "exam.question",
		"pk": 60,
		"fields": {
			"question": "You drive towards these people on the road.  What should you do?",
			"image": "questions/Screenshot_from_2024-12-28_19-03-56.png",
			"section": "SECTION_C",
			"answer": 180
		}
	},
	{
		"model": "exam.question",
		"pk": 61,
		"fields": {
			"question": "If you see a scholar patrol such as this, you must wait until the children:",
			"image": "questions/Screenshot_from_2024-12-28_19-05-11.png",
			"section": "SECTION_C",
			"answer": 184
		}
	},
	{
		"model": "exam.question",
		"pk": 62,
		"fields": {
			"question": "When you are approaching a pedestrian crossing:",
			"image": "",
			"section": "SECTION_C",
			"answer": 185
		}
	},
	{
		"model": "exam.question",
		"pk": 63,
		"fields": {
			"question": "A convoy is a :",
			"image": "",
			"section": "SECTION_C",
			"answer": 188
		}
	},
	{
		"model": "exam.question",
		"pk": 64,
		"fields": {
			"question": "A convoy may not travel on a public road:",
			"image": "",
			"section": "SECTION_C",
			"answer": 192
		}
	},
	{
		"model": "exam.question",
		"pk": 65,
		"fields": {
			"question": "Which of the following statement is correct?:",
			"image": "",
			"section": "SECTION_C",
			"answer": 196
		}
	},
	{
		"model": "exam.question",
		"pk": 66,
		"fields": {
			"question": "Which vehicle may not be driven on a freeway?",
			"image": "",
			"section": "SECTION_C",
			"answer": 198
		}
	},
	{
		"model": "exam.question",
		"pk": 67,
		"fields": {
			"question": "What are hazard lights used for?:",
			"image": "",
			"section": "SECTION_C",
			"answer": 202
		}
	},
	{
		"model": "exam.question",
		"pk": 68,
		"fields": {
			"question": "On a motorcycle, what do you use a throttle for?",
			"image": "",
			"section": "SECTION_D",
			"answer": 205
		}
	},
	{
		"model": "exam.question",
		"pk": 69,
		"fields": {
			"question": "On a motorcycle, what do you use a clutch for?",
			"image": "",
			"section": "SECTION_D",
			"answer": 208
		}
	},
	{
		"model": "exam.question",
		"pk": 70,
		"fields": {
			"question": "To see behind you on a motorcycle, you use:",
			"image": "",
			"section": "SECTION_D",
			"answer": 210
		}
	},
	{
		"model": "exam.question",
		"pk": 71,
		"fields": {
			"question": "When must a passenger or driver of a motorcycle wear a protective helmet ?",
			"image": "",
			"section": "SECTION_D",
			"answer": 212
		}
	},
	{
		"model": "exam.question",
		"pk": 72,
		"fields": {
			"question": "When riding a motorcycle, the headlamp must be switched on:",
			"image": "",
			"section": "SECTION_D",
			"answer": 216
		}
	},
	{
		"model": "exam.question",
		"pk": 73,
		"fields": {
			"question": "A rider of a motorcycle on a public road needs to ensure that:",
			"image": "",
			"section": "SECTION_D",
			"answer": 218
		}
	},
	{
		"model": "exam.question",
		"pk": 74,
		"fields": {
			"question": "What is the maximum permissible width of a load carried by a motorcycle?",
			"image": "",
			"section": "SECTION_D",
			"answer": 222
		}
	},
	{
		"model": "exam.question",
		"pk": 75,
		"fields": {
			"question": "What  is the maximum permissible length of a load that can project to the rear carried by a motorcycle?",
			"image": "",
			"section": "SECTION_D",
			"answer": 225
		}
	}
]
